{
  "Total" : {
    "transaction" : "Total",
    "sampleCount" : 1,
    "errorCount" : 0,
    "errorPct" : 0.0,
    "meanResTime" : 312.0,
    "medianResTime" : 312.0,
    "minResTime" : 312.0,
    "maxResTime" : 312.0,
    "pct1ResTime" : 312.0,
    "pct2ResTime" : 312.0,
    "pct3ResTime" : 312.0,
    "throughput" : 3.205128205128205,
    "receivedKBytesPerSec" : 6.084735576923077,
    "sentKBytesPerSec" : 0.42881109775641024
  },
  "Get brands list" : {
    "transaction" : "Get brands list",
    "sampleCount" : 1,
    "errorCount" : 0,
    "errorPct" : 0.0,
    "meanResTime" : 312.0,
    "medianResTime" : 312.0,
    "minResTime" : 312.0,
    "maxResTime" : 312.0,
    "pct1ResTime" : 312.0,
    "pct2ResTime" : 312.0,
    "pct3ResTime" : 312.0,
    "throughput" : 3.205128205128205,
    "receivedKBytesPerSec" : 6.084735576923077,
    "sentKBytesPerSec" : 0.42881109775641024
  }
}