{
  "Total" : {
    "transaction" : "Total",
    "sampleCount" : 1,
    "errorCount" : 0,
    "errorPct" : 0.0,
    "meanResTime" : 373.0,
    "medianResTime" : 373.0,
    "minResTime" : 373.0,
    "maxResTime" : 373.0,
    "pct1ResTime" : 373.0,
    "pct2ResTime" : 373.0,
    "pct3ResTime" : 373.0,
    "throughput" : 2.680965147453083,
    "receivedKBytesPerSec" : 5.0739359919571045,
    "sentKBytesPerSec" : 0.35868381367292224
  },
  "Get brands list" : {
    "transaction" : "Get brands list",
    "sampleCount" : 1,
    "errorCount" : 0,
    "errorPct" : 0.0,
    "meanResTime" : 373.0,
    "medianResTime" : 373.0,
    "minResTime" : 373.0,
    "maxResTime" : 373.0,
    "pct1ResTime" : 373.0,
    "pct2ResTime" : 373.0,
    "pct3ResTime" : 373.0,
    "throughput" : 2.680965147453083,
    "receivedKBytesPerSec" : 5.0739359919571045,
    "sentKBytesPerSec" : 0.35868381367292224
  }
}